,sequence,reward,carp640,esm,esm6,pLDDT,diffdock_confidence,autodock_affinity,alphafold3_ptm
0,MSTETLRLQKARATEEGLAFETPGGLTRALRDGCQLLAVPPGTDTTPGVTLCREFFRPVEQGGESTRAYRGFRDLDGVYFDDEHFQTEHALIDGPGRERHFPPTLRRMAEHMHELARHVLRTVLTELGVARELWSEVTGGAVDGRGTEWFAANHYRSERDRLGCAPHKDTGFVTVLGIEAGGLQAATGGSWTPVDPVPGCFVVNFGGAFELLTSGLLRPVRALLHDVRQPAPRPESADRFSFAAFVNPPPTGDLYRVGADGTATVARSTEDFLRDFNERTWRDGYADFGIAPPEPAGVAEDGVRA,0.95975,-0.431917130947113,-0.3852817714214325,-0.3852817714214325,73.0759056122449,0.69,-5.543,0.9
2,MSTETLRLQKARATEEGLAFETPGGLTRALRDGCRLLAVPPGTDTTPGVTLCREFFRPVEQGGESTRAYRGFRDLDGVYFDDEHFQTEHALIDGPGRERHFPPTLRRMAEHMHELARHVLRTVLTELGVARELWSEVTGGAVDGRGTEWFAANHYRSERDRLGCAPHKDTGFVTVLGIEAGGLQAATGGSWTPVDPVPGCFVVNFGGAFELLTSGLLRPVRALLHDVRQPAPRPESADRFSFAAFVNPPPTGDLYRVGADGTATVARSTEDFLRDFNERTWRDGYADFGIAPPEPAGVAEDGVRA,0.95829,-0.4316830039024353,-0.3831232488155365,-0.3831232488155365,67.52156754460492,0.73,-5.822,0.89
3,MSTETLRLQKARATEEGLAFETPGGLTRALRDGCDLLAVPPGRDTTPGVTLCREFFRPVEQGGESTRAYRGFRDLDGVYFDREHFQTEHVLIDGPGRERHFPPVLRRMAEHMHELARHVLRTVLTELGVARELWSEVTGGAVDGRGTEWFAANHYRSERDRLGCAPHKDTGFVTLLEIEEGGLQAETGGSWTPVDPVPGCFVVNFGGAFELLTSGLLRPVRALLHSVRQCAPRPESADRFSFAAFVNPPPTGDLYRVGADGTATVARSTEDFLRDFNERTWEDGYADFGIAPPEPAGVAEDGVRA,0.95809,-0.4476853609085083,-0.3780757784843445,-0.3780757784843445,71.14936260025326,0.43,-5.466,0.9
5,MSTETLRLQKARATEEGLAFETPGGLTRALRDGCDLLAVPPGRDTTPGVTLCREFFRPVEQGGESTRAYRGFRDLDGVYFDREHFQTEHVLIDGPGRERHFPPVLRRMAEHMHELARHVLRTVLTELGVARELWSEVTGGAVDGRGTEWFAANHYRSERDRLGCAPHKDTGFVTLLAIEEGGLQAETGGSWTPVDPVPGCFVVNFGGAFELLTSGLLRPVRALLHSVRQCAPRPESADRFSFAAFVNPPPTGDLYRVGADGTATVARSTEDFLRDFNERTWEDGYADFGIAPPEPAGVAEDGVRA,0.95568,-0.4429559409618377,-0.3760488629341125,-0.3760488629341125,71.3505665961945,0.32,-5.377,0.9
13,MSTETLRLQKARATEEGLAFETPGGLTRALRDGCPLLAVPPGFDTTPGVTLCREFFRPVEQGGESTRAYRGFRDLDGVYFDREHRQTEHVLIDGPGRERHFPPLLRRMAEHMHELARHVLRTVLTELGVARELWSEVTGGAVDGRGTEWFAANHYRSERDRLGCAPHKDTGFVTVLAIEEGGLQAFTGGSWTPVDPVPGCFVVNFGGAFELLTSGLLRPVRALLHDVRQCAPRPESADRFSFAAFVNPPPTGDLYRVGADGTATVARSTEDFLRDFNERTWRDGYADFGIAPPEPAGVAEDGVRA,0.95159,-0.4301292598247528,-0.3739956617355346,-0.3739956617355346,72.52713080168776,0.17,-5.647,0.91
18,MSTETLRLQKARATEEGLAFETPGGLTRALRDGCRLLAVPPGEDTTPGVTLCREFFRPVEQGGESTRAYRGFRDLDGVYFDREHFQTEHHLIDGPGRERHFPPTLRRMAEHMHELARHVLRTVLTELGVARELWSEVTGGAVDGRGTEWFAANHYRSERDRLGCAPHKDTGFVTVLGIEEGGLEAETGGSWTPVDPVPGCFVVNFGGAFELLTSGLCRPVRALLHSVRQCAPRPESADRFSFAAFVNPPPTGDLYRVGADGTATVARSTEDFLRDFNERTWADGYADFGIAPPEPAGVAEDGVRA,0.94954,-0.4395250678062439,-0.3726916015148163,-0.3726916015148163,71.28873782295638,0.73,-6.301,0.9
41,MSTETLRLQKARATEEGLAFETPGGLTRALRDGCALLAVPPGPDTTPGVTLCREFFRPVEQGGESTRAYRGFRDLDGVYFDREHFQTEHVLIDGPGRERHFPPVLRRMAEHMHELARHVLRTVLTELGVARELWSEVTGGAVDGRGTEWFAANHYRSERDRLGCAPHKDTGFVTVLAIEEGGLQAFTGGSWTPVDPVPGCFVVNFGGAFELLTSGLLRPVRALLHLVRQCAPRPESADRFSFAAFVNPPPTGDLYRVGADGTATVARSTEDFLRDFNERTWVDGYADFGIAPPEPAGVAEDGVRA,0.94634,-0.4383620023727417,-0.3694878220558166,-0.3694878220558166,74.3322891055532,0.46,-6.129,0.9
75,MSTETLRLQKARATEEGLAFETPGGLTRALRDGCALLAVPPGPDTTPGVTLCREFFRPVEQGGESTRAYRGFRDLDGVYFDNEHFQTEHPLIDGPGRERHFPPVLRRMAEHMHELARHVLRTVLTELGVARELWSEVTGGAVDGRGTEWFAANHYRSERDRLGCAPHKDTGFVTVLRIEEGGLQAQTGGSWTPVDPVPGCFVVNFGGAFTLLTSGLDRPVRALLHGVRQCAPRPESADRFSFAAFVNPPPTGDLYRVGADGTATVARSTEDFLRDFNERTWGDGYADFGIAPPEPAGVAEDGVRA,0.94246,-0.4361419677734375,-0.3654930889606476,-0.3654930889606476,75.40626967247981,0.63,-5.753,0.9
95,MSTETLRLQKARATEEGLAFETPGGLTRALRDGCFLLAVPPGADTTPGVTLCREFFRPVEQGGESTRAYRGFRDLDGVYFDREHAQTEHVLIDGPGRERHFPPLLRRMAEHMHELARHVLRTVLTELGVARELWSEVTGGAVDGRGTEWFAANHYRSERDRLGCAPHKDTGFVTVLQIEEGGLQATTPGSWTPVDPVPGCFVVNFGGAFALLTSGLYRPVRALLHQVRQCAPRPESADRFSFAAFVNPPPTIDLYRVGADGTATVARSTEDFLRDFNERTWADGYADFGIAPPEPAGVAEDGVRA,0.94137,-0.4470174908638,-0.3565687537193298,-0.3565687537193298,75.7816708967851,1.09,-5.644,0.9
142,MSTETLRLQKARATEEGLAFETPGGLTRALRDGCALLAVPPGTDTTPGVTLCREFFRPVEQGGESTRAYRGFRDLDGVYFDREHAQTEHVLIDGPGRERHFPPTLRRMAEHMHELARHVLRTVLTELGVARELWSEVTGGAVDGRGTEWFAANHYRSERDRLGCAPHKDTGFVTVLGIEEGGLQAETGGSWTPVDPVPGCFVVNFGGAFELLTSGLARPVRALLHRVRQCAPRPESADRFSFAAFVNPPPTGDLYRVGADGTATVARSTEDFLRDFNERTWLDGYADFGIAPPEPAGVAEDGVRA,0.93896,-0.4269474148750305,-0.3517198860645294,-0.3517198860645294,75.76370055295618,1.64,-5.724,0.91
10,MSTETLRLQKARATEEGLAFETPGGLTRALRDGCFLLAVPPGFDTTPGVTLCREFFRPVEQGGESTRAYRGFRDLDGVYFDREHFQTEHVLIDGPGRERHFPPELRRMAEHMHELARHVLRTVLTELGVARELWSEVTGGAVDGRGTEWFAANHYRSERDRLGCAPHKDTGFVTVLYIEEGGLEAATGGSWTPVDPVPGCFVVNFGGAFELLTSGLDRPVRALLHRVRQCAPRPESADRFSFAAFVNPPPTGDLYRVGADGTATVARSTEDFLRDFNERTWGDGYADFGIAPPEPAGVAEDGVRA,0.54,-0.43214040994644165,-0.350832462310791,-2.2300071716308594,78.02305649241147,0.48,-5.472,0.91
